Data_Hora,Instancia,Algoritmo,Alpha,Iteracoes,Tamanho_Bloco,Semente,Tempo_s,Melhor_Custo
2026-07-04 15:28:35,C:\Users\joaom\OneDrive\Documentos\Grafos\Trabalho02_DCC059\instances\C01-A.stp,reativo,0.2,500,50,2180048320,16.2202,88.0000
2026-07-04 15:28:53,C:\Users\joaom\OneDrive\Documentos\Grafos\Trabalho02_DCC059\instances\C01-B.stp,reativo,0.5,500,50,1299680136,17.1350,118.0000
2026-07-04 15:29:11,C:\Users\joaom\OneDrive\Documentos\Grafos\Trabalho02_DCC059\instances\C02-A.stp,reativo,0.1,500,50,1353889952,18.2530,153.0000
2026-07-04 15:29:29,C:\Users\joaom\OneDrive\Documentos\Grafos\Trabalho02_DCC059\instances\C02-B.stp,reativo,0.3,500,50,2519328768,18.0842,191.0000
2026-07-04 15:29:47,C:\Users\joaom\OneDrive\Documentos\Grafos\Trabalho02_DCC059\instances\C03-A.stp,reativo,0.3,500,50,3535017584,18.2033,700.0000
2026-07-04 15:31:50,C:\Users\joaom\OneDrive\Documentos\Grafos\Trabalho02_DCC059\instances\PCSPG-JMP\K100.1.stp,reativo,0.3,500,50,335173816,2.1506,307285.0000
2026-07-04 15:31:52,C:\Users\joaom\OneDrive\Documentos\Grafos\Trabalho02_DCC059\instances\PCSPG-JMP\K100.10.stp,reativo,0.5,500,50,2572026816,2.0748,409388.0000
2026-07-04 15:31:54,C:\Users\joaom\OneDrive\Documentos\Grafos\Trabalho02_DCC059\instances\PCSPG-JMP\K100.2.stp,reativo,0.4,500,50,447337520,2.2196,280674.0000
2026-07-04 15:31:57,C:\Users\joaom\OneDrive\Documentos\Grafos\Trabalho02_DCC059\instances\PCSPG-JMP\K100.3.stp,reativo,0.4,500,50,2761281520,2.7913,303351.0000
2026-07-04 15:32:00,C:\Users\joaom\OneDrive\Documentos\Grafos\Trabalho02_DCC059\instances\PCSPG-JMP\K100.4.stp,reativo,0.2,500,50,1345751224,2.4574,292693.0000
2026-07-04 15:32:16,C:\Users\joaom\OneDrive\Documentos\Grafos\Trabalho02_DCC059\instances\PCSPG-CRR\C01-A.stp,reativo,0.2,500,50,3886768224,16.6664,88.0000
2026-07-04 15:32:33,C:\Users\joaom\OneDrive\Documentos\Grafos\Trabalho02_DCC059\instances\PCSPG-CRR\C01-B.stp,reativo,0.4,500,50,3446845040,16.7734,118.0000
2026-07-04 15:32:50,C:\Users\joaom\OneDrive\Documentos\Grafos\Trabalho02_DCC059\instances\PCSPG-CRR\C02-A.stp,reativo,0.4,500,50,3121684856,16.6858,153.0000
2026-07-04 15:33:07,C:\Users\joaom\OneDrive\Documentos\Grafos\Trabalho02_DCC059\instances\PCSPG-CRR\C02-B.stp,reativo,0.2,500,50,2724139672,16.3123,191.0000
2026-07-04 15:33:23,C:\Users\joaom\OneDrive\Documentos\Grafos\Trabalho02_DCC059\instances\PCSPG-CRR\C03-A.stp,reativo,0.4,500,50,1951186488,16.7929,704.0000
2026-07-05 22:12:31,C:\Users\Heitor\Documents\Github\Trabalho02-Grafos\instances\PCSPG-JMP\K100.1.stp,reativo,0.4,500,50,1079429336,0.9915,250118.0000
2026-07-05 22:12:32,C:\Users\Heitor\Documents\Github\Trabalho02-Grafos\instances\PCSPG-JMP\K100.10.stp,reativo,0.4,500,50,2088399436,0.9218,356491.0000
2026-07-05 22:12:33,C:\Users\Heitor\Documents\Github\Trabalho02-Grafos\instances\PCSPG-JMP\K100.2.stp,reativo,0.4,500,50,3027831036,0.9951,271201.0000
2026-07-05 22:12:34,C:\Users\Heitor\Documents\Github\Trabalho02-Grafos\instances\PCSPG-JMP\K100.3.stp,reativo,0.5,500,50,4039032236,1.1989,247904.0000
2026-07-05 22:12:35,C:\Users\Heitor\Documents\Github\Trabalho02-Grafos\instances\PCSPG-JMP\K100.4.stp,reativo,0.4,500,50,956947640,1.0858,255228.0000
2026-07-05 22:12:42,C:\Users\Heitor\Documents\Github\Trabalho02-Grafos\instances\PCSPG-CRR\C01-A.stp,reativo,0.4,500,50,2062377840,7.3251,78.0000
2026-07-05 22:12:50,C:\Users\Heitor\Documents\Github\Trabalho02-Grafos\instances\PCSPG-CRR\C01-B.stp,reativo,0.5,500,50,815971148,7.6815,102.0000
2026-07-05 22:12:59,C:\Users\Heitor\Documents\Github\Trabalho02-Grafos\instances\PCSPG-CRR\C02-A.stp,reativo,0.5,500,50,4222190152,8.5792,134.0000
2026-07-05 22:13:07,C:\Users\Heitor\Documents\Github\Trabalho02-Grafos\instances\PCSPG-CRR\C02-B.stp,reativo,0.3,500,50,4227141760,8.5961,177.0000
2026-07-05 22:13:16,C:\Users\Heitor\Documents\Github\Trabalho02-Grafos\instances\PCSPG-CRR\C03-A.stp,reativo,0.4,500,50,4249623068,7.2830,690.0000
2026-07-05 22:19:34,C:\Users\Heitor\Documents\Github\Trabalho02-Grafos\instances\PCSPG-JMP\K100.1.stp,guloso,0,1,0,590213132,0.0018,307285.0000
2026-07-05 22:19:35,C:\Users\Heitor\Documents\Github\Trabalho02-Grafos\instances\PCSPG-JMP\K100.1.stp,randomizado,0.2,500,0,604172632,0.9637,287646.0000
2026-07-05 22:19:36,C:\Users\Heitor\Documents\Github\Trabalho02-Grafos\instances\PCSPG-JMP\K100.1.stp,randomizado,0.3,500,0,1579273732,0.9916,287603.0000
2026-07-05 22:19:38,C:\Users\Heitor\Documents\Github\Trabalho02-Grafos\instances\PCSPG-JMP\K100.1.stp,randomizado,0.4,500,0,2583406532,1.0311,240527.0000
2026-07-05 22:19:39,C:\Users\Heitor\Documents\Github\Trabalho02-Grafos\instances\PCSPG-JMP\K100.1.stp,reativo,0.4,500,50,3624073932,0.9908,248124.0000
2026-07-05 22:19:39,C:\Users\Heitor\Documents\Github\Trabalho02-Grafos\instances\PCSPG-JMP\K100.10.stp,guloso,0,1,0,333474836,0.0018,409388.0000
2026-07-05 22:19:39,C:\Users\Heitor\Documents\Github\Trabalho02-Grafos\instances\PCSPG-JMP\K100.10.stp,randomizado,0.2,500,0,345804436,0.8890,392960.0000
2026-07-05 22:19:40,C:\Users\Heitor\Documents\Github\Trabalho02-Grafos\instances\PCSPG-JMP\K100.10.stp,randomizado,0.3,500,0,1245809536,0.9261,369944.0000
2026-07-05 22:19:41,C:\Users\Heitor\Documents\Github\Trabalho02-Grafos\instances\PCSPG-JMP\K100.10.stp,randomizado,0.4,500,0,2181830336,0.9502,354030.0000
2026-07-05 22:19:42,C:\Users\Heitor\Documents\Github\Trabalho02-Grafos\instances\PCSPG-JMP\K100.10.stp,reativo,0.4,500,50,3140967636,0.9307,350015.0000
2026-07-05 22:19:42,C:\Users\Heitor\Documents\Github\Trabalho02-Grafos\instances\PCSPG-JMP\K100.2.stp,guloso,0,1,0,4083433736,0.0018,280674.0000
2026-07-05 22:19:43,C:\Users\Heitor\Documents\Github\Trabalho02-Grafos\instances\PCSPG-JMP\K100.2.stp,randomizado,0.2,500,0,4095345636,0.9581,274178.0000
2026-07-05 22:19:44,C:\Users\Heitor\Documents\Github\Trabalho02-Grafos\instances\PCSPG-JMP\K100.2.stp,randomizado,0.3,500,0,768972340,0.9888,271623.0000
2026-07-05 22:19:45,C:\Users\Heitor\Documents\Github\Trabalho02-Grafos\instances\PCSPG-JMP\K100.2.stp,randomizado,0.4,500,0,1768774240,1.0240,268048.0000
2026-07-05 22:19:46,C:\Users\Heitor\Documents\Github\Trabalho02-Grafos\instances\PCSPG-JMP\K100.2.stp,reativo,0.5,500,50,2801603140,0.9905,266086.0000
2026-07-05 22:19:46,C:\Users\Heitor\Documents\Github\Trabalho02-Grafos\instances\PCSPG-JMP\K100.3.stp,guloso,0,1,0,3805628540,0.0022,303351.0000
2026-07-05 22:19:47,C:\Users\Heitor\Documents\Github\Trabalho02-Grafos\instances\PCSPG-JMP\K100.3.stp,randomizado,0.2,500,0,3818642240,1.1480,263671.0000
2026-07-05 22:19:49,C:\Users\Heitor\Documents\Github\Trabalho02-Grafos\instances\PCSPG-JMP\K100.3.stp,randomizado,0.3,500,0,681811544,1.1673,266317.0000
2026-07-05 22:19:50,C:\Users\Heitor\Documents\Github\Trabalho02-Grafos\instances\PCSPG-JMP\K100.3.stp,randomizado,0.4,500,0,1860729544,1.2130,263759.0000
2026-07-05 22:19:51,C:\Users\Heitor\Documents\Github\Trabalho02-Grafos\instances\PCSPG-JMP\K100.3.stp,reativo,0.5,500,50,3083124744,1.1699,244887.0000
2026-07-05 22:19:51,C:\Users\Heitor\Documents\Github\Trabalho02-Grafos\instances\PCSPG-JMP\K100.4.stp,guloso,0,1,0,4265278244,0.0020,292693.0000
2026-07-05 22:19:52,C:\Users\Heitor\Documents\Github\Trabalho02-Grafos\instances\PCSPG-JMP\K100.4.stp,randomizado,0.2,500,0,4278836944,1.0247,259491.0000
2026-07-05 22:19:53,C:\Users\Heitor\Documents\Github\Trabalho02-Grafos\instances\PCSPG-JMP\K100.4.stp,randomizado,0.3,500,0,1019489348,1.0546,259676.0000
2026-07-05 22:19:54,C:\Users\Heitor\Documents\Github\Trabalho02-Grafos\instances\PCSPG-JMP\K100.4.stp,randomizado,0.4,500,0,2087128348,1.0923,244789.0000
2026-07-05 22:19:55,C:\Users\Heitor\Documents\Github\Trabalho02-Grafos\instances\PCSPG-JMP\K100.4.stp,reativo,0.5,500,50,3189537248,1.0589,258839.0000
2026-07-05 22:19:55,C:\Users\Heitor\Documents\Github\Trabalho02-Grafos\instances\PCSPG-JMP\K100.5.stp,guloso,0,1,0,4261988448,0.0022,384224.0000
2026-07-05 22:19:56,C:\Users\Heitor\Documents\Github\Trabalho02-Grafos\instances\PCSPG-JMP\K100.5.stp,randomizado,0.2,500,0,4274486048,1.0053,322689.0000
2026-07-05 22:19:57,C:\Users\Heitor\Documents\Github\Trabalho02-Grafos\instances\PCSPG-JMP\K100.5.stp,randomizado,0.3,500,0,997182152,1.0477,329960.0000
2026-07-05 22:19:59,C:\Users\Heitor\Documents\Github\Trabalho02-Grafos\instances\PCSPG-JMP\K100.5.stp,randomizado,0.4,500,0,2055072752,1.0959,333431.0000
2026-07-05 22:20:00,C:\Users\Heitor\Documents\Github\Trabalho02-Grafos\instances\PCSPG-JMP\K100.5.stp,reativo,0.5,500,50,3161261852,1.0459,314477.0000
2026-07-05 22:20:00,C:\Users\Heitor\Documents\Github\Trabalho02-Grafos\instances\PCSPG-JMP\K100.6.stp,guloso,0,1,0,4218627452,0.0018,344386.0000
2026-07-05 22:20:00,C:\Users\Heitor\Documents\Github\Trabalho02-Grafos\instances\PCSPG-JMP\K100.6.stp,randomizado,0.2,500,0,4229383152,0.8653,330646.0000
2026-07-05 22:20:01,C:\Users\Heitor\Documents\Github\Trabalho02-Grafos\instances\PCSPG-JMP\K100.6.stp,randomizado,0.3,500,0,809995956,0.8878,330680.0000
2026-07-05 22:20:02,C:\Users\Heitor\Documents\Github\Trabalho02-Grafos\instances\PCSPG-JMP\K100.6.stp,randomizado,0.4,500,0,1711032356,0.9197,256419.0000
2026-07-05 22:20:03,C:\Users\Heitor\Documents\Github\Trabalho02-Grafos\instances\PCSPG-JMP\K100.6.stp,reativo,0.5,500,50,2640420556,0.8955,264041.0000
2026-07-05 22:20:03,C:\Users\Heitor\Documents\Github\Trabalho02-Grafos\instances\PCSPG-JMP\K100.7.stp,guloso,0,1,0,3552307356,0.0020,391364.0000
2026-07-05 22:20:04,C:\Users\Heitor\Documents\Github\Trabalho02-Grafos\instances\PCSPG-JMP\K100.7.stp,randomizado,0.2,500,0,3565275656,0.8980,319960.0000
2026-07-05 22:20:05,C:\Users\Heitor\Documents\Github\Trabalho02-Grafos\instances\PCSPG-JMP\K100.7.stp,randomizado,0.3,500,0,178882960,0.9255,299686.0000
2026-07-05 22:20:06,C:\Users\Heitor\Documents\Github\Trabalho02-Grafos\instances\PCSPG-JMP\K100.7.stp,randomizado,0.4,500,0,1116824660,0.9495,294514.0000
2026-07-05 22:20:07,C:\Users\Heitor\Documents\Github\Trabalho02-Grafos\instances\PCSPG-JMP\K100.7.stp,reativo,0.5,500,50,2077721760,0.9179,295151.0000
2026-07-05 22:20:07,C:\Users\Heitor\Documents\Github\Trabalho02-Grafos\instances\PCSPG-JMP\K100.8.stp,guloso,0,1,0,3008954060,0.0021,417596.0000
2026-07-05 22:20:08,C:\Users\Heitor\Documents\Github\Trabalho02-Grafos\instances\PCSPG-JMP\K100.8.stp,randomizado,0.2,500,0,3022411160,0.9463,374501.0000
2026-07-05 22:20:09,C:\Users\Heitor\Documents\Github\Trabalho02-Grafos\instances\PCSPG-JMP\K100.8.stp,randomizado,0.3,500,0,3980944960,0.9746,365937.0000
2026-07-05 22:20:10,C:\Users\Heitor\Documents\Github\Trabalho02-Grafos\instances\PCSPG-JMP\K100.8.stp,randomizado,0.4,500,0,673844864,1.0169,354746.0000
2026-07-05 22:20:11,C:\Users\Heitor\Documents\Github\Trabalho02-Grafos\instances\PCSPG-JMP\K100.8.stp,reativo,0.4,500,50,1703437864,0.9967,365865.0000
2026-07-05 22:20:11,C:\Users\Heitor\Documents\Github\Trabalho02-Grafos\instances\PCSPG-JMP\K100.9.stp,guloso,0,1,0,2712300064,0.0018,360507.0000
2026-07-05 22:20:12,C:\Users\Heitor\Documents\Github\Trabalho02-Grafos\instances\PCSPG-JMP\K100.9.stp,randomizado,0.2,500,0,2723355564,0.9219,208547.0000
2026-07-05 22:20:13,C:\Users\Heitor\Documents\Github\Trabalho02-Grafos\instances\PCSPG-JMP\K100.9.stp,randomizado,0.3,500,0,3655476764,0.9599,207057.0000
2026-07-05 22:20:14,C:\Users\Heitor\Documents\Github\Trabalho02-Grafos\instances\PCSPG-JMP\K100.9.stp,randomizado,0.4,500,0,332811868,1.0002,209545.0000
2026-07-05 22:20:15,C:\Users\Heitor\Documents\Github\Trabalho02-Grafos\instances\PCSPG-JMP\K100.9.stp,reativo,0.3,500,50,1343557068,0.9709,208791.0000
2026-07-05 22:20:15,C:\Users\Heitor\Documents\Github\Trabalho02-Grafos\instances\PCSPG-JMP\K100.stp,guloso,0,1,0,2339825968,0.0020,324587.0000
2026-07-05 22:20:16,C:\Users\Heitor\Documents\Github\Trabalho02-Grafos\instances\PCSPG-JMP\K100.stp,randomizado,0.2,500,0,2353679468,0.9914,267507.0000
2026-07-05 22:20:17,C:\Users\Heitor\Documents\Github\Trabalho02-Grafos\instances\PCSPG-JMP\K100.stp,randomizado,0.3,500,0,3354910868,1.0207,273589.0000
2026-07-05 22:20:18,C:\Users\Heitor\Documents\Github\Trabalho02-Grafos\instances\PCSPG-JMP\K100.stp,randomizado,0.4,500,0,91680472,1.0606,265507.0000
2026-07-05 22:20:19,C:\Users\Heitor\Documents\Github\Trabalho02-Grafos\instances\PCSPG-JMP\K100.stp,reativo,0.4,500,50,1162658272,1.0313,262093.0000
2026-07-05 22:20:19,C:\Users\Heitor\Documents\Github\Trabalho02-Grafos\instances\PCSPG-JMP\K200.stp,guloso,0,1,0,2207473672,0.0071,579400.0000
2026-07-05 22:20:23,C:\Users\Heitor\Documents\Github\Trabalho02-Grafos\instances\PCSPG-JMP\K200.stp,randomizado,0.2,500,0,2225369072,3.7292,532372.0000
2026-07-05 22:20:27,C:\Users\Heitor\Documents\Github\Trabalho02-Grafos\instances\PCSPG-JMP\K200.stp,randomizado,0.3,500,0,1671200276,3.8397,533142.0000
2026-07-05 22:20:31,C:\Users\Heitor\Documents\Github\Trabalho02-Grafos\instances\PCSPG-JMP\K200.stp,randomizado,0.4,500,0,1229411580,3.9818,532941.0000
2026-07-05 22:20:34,C:\Users\Heitor\Documents\Github\Trabalho02-Grafos\instances\PCSPG-JMP\K200.stp,reativo,0.3,500,50,928350184,3.8410,535340.0000
2026-07-05 22:20:35,C:\Users\Heitor\Documents\Github\Trabalho02-Grafos\instances\PCSPG-JMP\K400.1.stp,guloso,0,1,0,489529688,0.0306,765852.0000
2026-07-05 22:20:50,C:\Users\Heitor\Documents\Github\Trabalho02-Grafos\instances\PCSPG-JMP\K400.1.stp,randomizado,0.2,500,0,534657288,15.8762,714409.0000
2026-07-05 22:21:07,C:\Users\Heitor\Documents\Github\Trabalho02-Grafos\instances\PCSPG-JMP\K400.1.stp,randomizado,0.3,500,0,3541072400,16.2441,700858.0000
2026-07-05 22:21:23,C:\Users\Heitor\Documents\Github\Trabalho02-Grafos\instances\PCSPG-JMP\K400.1.stp,randomizado,0.4,500,0,2619095216,16.7659,678792.0000
2026-07-05 22:21:40,C:\Users\Heitor\Documents\Github\Trabalho02-Grafos\instances\PCSPG-JMP\K400.1.stp,reativo,0.4,500,50,2222155432,16.2770,705526.0000
2026-07-05 22:21:40,C:\Users\Heitor\Documents\Github\Trabalho02-Grafos\instances\PCSPG-JMP\K400.10.stp,guloso,0,1,0,1336747748,0.0309,652844.0000
2026-07-05 22:21:56,C:\Users\Heitor\Documents\Github\Trabalho02-Grafos\instances\PCSPG-JMP\K400.10.stp,randomizado,0.2,500,0,1382701248,16.0967,624195.0000
2026-07-05 22:22:12,C:\Users\Heitor\Documents\Github\Trabalho02-Grafos\instances\PCSPG-JMP\K400.10.stp,randomizado,0.3,500,0,315375764,16.5455,626526.0000
2026-07-05 22:22:30,C:\Users\Heitor\Documents\Github\Trabalho02-Grafos\instances\PCSPG-JMP\K400.10.stp,randomizado,0.4,500,0,3990301176,17.1162,615095.0000
2026-07-05 22:22:46,C:\Users\Heitor\Documents\Github\Trabalho02-Grafos\instances\PCSPG-JMP\K400.10.stp,reativo,0.2,500,50,3940442292,16.7206,627934.0000
2026-07-05 22:22:46,C:\Users\Heitor\Documents\Github\Trabalho02-Grafos\instances\PCSPG-JMP\K400.2.stp,guloso,0,1,0,3498732008,0.0314,785185.0000
2026-07-05 22:23:03,C:\Users\Heitor\Documents\Github\Trabalho02-Grafos\instances\PCSPG-JMP\K400.2.stp,randomizado,0.2,500,0,3543588208,16.4156,737245.0000
2026-07-05 22:23:20,C:\Users\Heitor\Documents\Github\Trabalho02-Grafos\instances\PCSPG-JMP\K400.2.stp,randomizado,0.3,500,0,2793729224,16.9023,747309.0000
2026-07-05 22:23:37,C:\Users\Heitor\Documents\Github\Trabalho02-Grafos\instances\PCSPG-JMP\K400.2.stp,randomizado,0.4,500,0,2532427640,17.4315,736143.0000
2026-07-05 22:23:54,C:\Users\Heitor\Documents\Github\Trabalho02-Grafos\instances\PCSPG-JMP\K400.2.stp,reativo,0.3,500,50,2802616556,17.1858,745333.0000
2026-07-05 22:23:54,C:\Users\Heitor\Documents\Github\Trabalho02-Grafos\instances\PCSPG-CRR\C01-A.stp,guloso,0,1,0,2827262872,0.0137,102.0000
2026-07-05 22:24:01,C:\Users\Heitor\Documents\Github\Trabalho02-Grafos\instances\PCSPG-CRR\C01-A.stp,randomizado,0.2,500,0,2852153072,6.9398,78.0000
2026-07-05 22:24:09,C:\Users\Heitor\Documents\Github\Trabalho02-Grafos\instances\PCSPG-CRR\C01-A.stp,randomizado,0.3,500,0,1215161480,7.2437,78.0000
2026-07-05 22:24:16,C:\Users\Heitor\Documents\Github\Trabalho02-Grafos\instances\PCSPG-CRR\C01-A.stp,randomizado,0.4,500,0,4180163684,7.8046,78.0000
2026-07-05 22:24:24,C:\Users\Heitor\Documents\Github\Trabalho02-Grafos\instances\PCSPG-CRR\C01-A.stp,reativo,0.2,500,50,3407371792,7.4513,78.0000
2026-07-05 22:24:24,C:\Users\Heitor\Documents\Github\Trabalho02-Grafos\instances\PCSPG-CRR\C01-B.stp,guloso,0,1,0,2284825100,0.0139,148.0000
2026-07-05 22:24:31,C:\Users\Heitor\Documents\Github\Trabalho02-Grafos\instances\PCSPG-CRR\C01-B.stp,randomizado,0.2,500,0,2311317700,7.1455,97.0000
2026-07-05 22:24:39,C:\Users\Heitor\Documents\Github\Trabalho02-Grafos\instances\PCSPG-CRR\C01-B.stp,randomizado,0.3,500,0,882115908,8.0943,109.0000
2026-07-05 22:24:49,C:\Users\Heitor\Documents\Github\Trabalho02-Grafos\instances\PCSPG-CRR\C01-B.stp,randomizado,0.4,500,0,401388816,9.3201,102.0000
2026-07-05 22:24:57,C:\Users\Heitor\Documents\Github\Trabalho02-Grafos\instances\PCSPG-CRR\C01-B.stp,reativo,0.2,500,50,1141929624,7.9864,109.0000
2026-07-05 22:24:59,C:\Users\Heitor\Documents\Github\Trabalho02-Grafos\instances\PCSPG-CRR\C02-A.stp,guloso,0,1,0,3383635432,0.0134,153.0000
2026-07-05 22:25:08,C:\Users\Heitor\Documents\Github\Trabalho02-Grafos\instances\PCSPG-CRR\C02-A.stp,randomizado,0.2,500,0,3409311132,8.1225,153.0000
2026-07-05 22:25:16,C:\Users\Heitor\Documents\Github\Trabalho02-Grafos\instances\PCSPG-CRR\C02-A.stp,randomizado,0.3,500,0,2956187840,8.7870,145.0000
2026-07-05 22:25:26,C:\Users\Heitor\Documents\Github\Trabalho02-Grafos\instances\PCSPG-CRR\C02-A.stp,randomizado,0.4,500,0,3165297848,9.2818,145.0000
2026-07-05 22:25:34,C:\Users\Heitor\Documents\Github\Trabalho02-Grafos\instances\PCSPG-CRR\C02-A.stp,reativo,0.3,500,50,3867642556,8.8276,145.0000
2026-07-05 22:25:35,C:\Users\Heitor\Documents\Github\Trabalho02-Grafos\instances\PCSPG-CRR\C02-B.stp,guloso,0,1,0,4119667364,0.0133,194.0000
2026-07-05 22:25:43,C:\Users\Heitor\Documents\Github\Trabalho02-Grafos\instances\PCSPG-CRR\C02-B.stp,randomizado,0.2,500,0,4144323764,8.7363,191.0000
2026-07-05 22:25:52,C:\Users\Heitor\Documents\Github\Trabalho02-Grafos\instances\PCSPG-CRR\C02-B.stp,randomizado,0.3,500,0,9914076,8.7394,177.0000
2026-07-05 22:26:01,C:\Users\Heitor\Documents\Github\Trabalho02-Grafos\instances\PCSPG-CRR\C02-B.stp,randomizado,0.4,500,0,171807784,8.5069,177.0000
2026-07-05 22:26:09,C:\Users\Heitor\Documents\Github\Trabalho02-Grafos\instances\PCSPG-CRR\C02-B.stp,reativo,0.4,500,50,99329292,8.1069,177.0000
2026-07-05 22:26:09,C:\Users\Heitor\Documents\Github\Trabalho02-Grafos\instances\PCSPG-CRR\C03-A.stp,guloso,0,1,0,3926300896,0.0132,723.0000
2026-07-05 22:26:17,C:\Users\Heitor\Documents\Github\Trabalho02-Grafos\instances\PCSPG-CRR\C03-A.stp,randomizado,0.2,500,0,3952463796,8.7206,700.0000
2026-07-05 22:26:26,C:\Users\Heitor\Documents\Github\Trabalho02-Grafos\instances\PCSPG-CRR\C03-A.stp,randomizado,0.3,500,0,4097848904,8.3138,700.0000
2026-07-05 22:26:35,C:\Users\Heitor\Documents\Github\Trabalho02-Grafos\instances\PCSPG-CRR\C03-A.stp,randomizado,0.4,500,0,3836563312,8.9381,697.0000
2026-07-05 22:26:43,C:\Users\Heitor\Documents\Github\Trabalho02-Grafos\instances\PCSPG-CRR\C03-A.stp,reativo,0.3,500,50,4196298720,8.6222,687.0000
2026-07-05 22:26:43,C:\Users\Heitor\Documents\Github\Trabalho02-Grafos\instances\PCSPG-CRR\C03-B.stp,guloso,0,1,0,4245575628,0.0136,881.0000
2026-07-05 22:26:51,C:\Users\Heitor\Documents\Github\Trabalho02-Grafos\instances\PCSPG-CRR\C03-B.stp,randomizado,0.2,500,0,4270130228,8.0785,841.0000
2026-07-05 22:27:00,C:\Users\Heitor\Documents\Github\Trabalho02-Grafos\instances\PCSPG-CRR\C03-B.stp,randomizado,0.3,500,0,3770976036,8.7938,844.0000
2026-07-05 22:27:10,C:\Users\Heitor\Documents\Github\Trabalho02-Grafos\instances\PCSPG-CRR\C03-B.stp,randomizado,0.4,500,0,3989141344,9.2997,842.0000
2026-07-05 22:27:18,C:\Users\Heitor\Documents\Github\Trabalho02-Grafos\instances\PCSPG-CRR\C03-B.stp,reativo,0.5,500,50,417556256,8.8887,832.0000
2026-07-05 22:27:18,C:\Users\Heitor\Documents\Github\Trabalho02-Grafos\instances\PCSPG-CRR\C04-A.stp,guloso,0,1,0,730508064,0.0138,936.0000
2026-07-05 22:27:27,C:\Users\Heitor\Documents\Github\Trabalho02-Grafos\instances\PCSPG-CRR\C04-A.stp,randomizado,0.2,500,0,756157464,8.6915,841.0000
2026-07-05 22:27:36,C:\Users\Heitor\Documents\Github\Trabalho02-Grafos\instances\PCSPG-CRR\C04-A.stp,randomizado,0.3,500,0,874449872,8.8453,841.0000
2026-07-05 22:27:46,C:\Users\Heitor\Documents\Github\Trabalho02-Grafos\instances\PCSPG-CRR\C04-A.stp,randomizado,0.4,500,0,1146498080,9.6254,847.0000
2026-07-05 22:27:54,C:\Users\Heitor\Documents\Github\Trabalho02-Grafos\instances\PCSPG-CRR\C04-A.stp,reativo,0.3,500,50,2196655488,8.6662,830.0000
2026-07-05 22:27:54,C:\Users\Heitor\Documents\Github\Trabalho02-Grafos\instances\PCSPG-CRR\C04-B.stp,guloso,0,1,0,2288788596,0.0136,1181.0000
2026-07-05 22:28:03,C:\Users\Heitor\Documents\Github\Trabalho02-Grafos\instances\PCSPG-CRR\C04-B.stp,randomizado,0.2,500,0,2313719996,8.1541,1131.0000
2026-07-05 22:28:11,C:\Users\Heitor\Documents\Github\Trabalho02-Grafos\instances\PCSPG-CRR\C04-B.stp,randomizado,0.3,500,0,1895207404,8.1997,1131.0000
2026-07-05 22:28:20,C:\Users\Heitor\Documents\Github\Trabalho02-Grafos\instances\PCSPG-CRR\C04-B.stp,randomizado,0.4,500,0,1516586012,9.1939,1121.0000
2026-07-05 22:28:29,C:\Users\Heitor\Documents\Github\Trabalho02-Grafos\instances\PCSPG-CRR\C04-B.stp,reativo,0.2,500,50,2133133320,8.8996,1131.0000
2026-07-05 22:28:29,C:\Users\Heitor\Documents\Github\Trabalho02-Grafos\instances\PCSPG-CRR\C05-A.stp,guloso,0,1,0,2459252128,0.0137,1322.0000
2026-07-05 22:28:38,C:\Users\Heitor\Documents\Github\Trabalho02-Grafos\instances\PCSPG-CRR\C05-A.stp,randomizado,0.2,500,0,2485632428,8.5686,1273.0000
2026-07-05 22:28:46,C:\Users\Heitor\Documents\Github\Trabalho02-Grafos\instances\PCSPG-CRR\C05-A.stp,randomizado,0.3,500,0,2478462436,8.6154,1277.0000
2026-07-05 22:28:56,C:\Users\Heitor\Documents\Github\Trabalho02-Grafos\instances\PCSPG-CRR\C05-A.stp,randomizado,0.4,500,0,2519081244,9.4948,1274.0000
2026-07-05 22:29:04,C:\Users\Heitor\Documents\Github\Trabalho02-Grafos\instances\PCSPG-CRR\C05-A.stp,reativo,0.2,500,50,3443531952,8.8034,1279.0000
2026-07-05 22:29:05,C:\Users\Heitor\Documents\Github\Trabalho02-Grafos\instances\PCSPG-CRR\C05-B.stp,guloso,0,1,0,3673119360,0.0134,1619.0000
2026-07-05 22:29:13,C:\Users\Heitor\Documents\Github\Trabalho02-Grafos\instances\PCSPG-CRR\C05-B.stp,randomizado,0.2,500,0,3700753560,8.3436,1596.0000
2026-07-05 22:29:22,C:\Users\Heitor\Documents\Github\Trabalho02-Grafos\instances\PCSPG-CRR\C05-B.stp,randomizado,0.3,500,0,3467385268,8.6499,1593.0000
2026-07-05 22:29:30,C:\Users\Heitor\Documents\Github\Trabalho02-Grafos\instances\PCSPG-CRR\C05-B.stp,randomizado,0.4,500,0,3540551676,8.9396,1589.0000
2026-07-05 22:29:39,C:\Users\Heitor\Documents\Github\Trabalho02-Grafos\instances\PCSPG-CRR\C05-B.stp,reativo,0.5,500,50,3905860784,8.5594,1590.0000
2026-07-05 22:29:39,C:\Users\Heitor\Documents\Github\Trabalho02-Grafos\instances\PCSPG-CRR\C06-A.stp,guloso,0,1,0,3894141492,0.0256,77.0000
2026-07-05 22:29:55,C:\Users\Heitor\Documents\Github\Trabalho02-Grafos\instances\PCSPG-CRR\C06-A.stp,randomizado,0.2,500,0,3931643292,15.6741,56.0000
2026-07-05 22:30:11,C:\Users\Heitor\Documents\Github\Trabalho02-Grafos\instances\PCSPG-CRR\C06-A.stp,randomizado,0.3,500,0,2439322108,16.0613,63.0000
2026-07-05 22:30:28,C:\Users\Heitor\Documents\Github\Trabalho02-Grafos\instances\PCSPG-CRR\C06-A.stp,randomizado,0.4,500,0,1334201524,17.4788,53.0000
2026-07-05 22:30:46,C:\Users\Heitor\Documents\Github\Trabalho02-Grafos\instances\PCSPG-CRR\C06-A.stp,reativo,0.4,500,50,1646105340,17.7269,53.0000
2026-07-05 22:30:46,C:\Users\Heitor\Documents\Github\Trabalho02-Grafos\instances\PCSPG-CRR\C06-B.stp,guloso,0,1,0,2211873156,0.0253,99.0000
2026-07-05 22:30:59,C:\Users\Heitor\Documents\Github\Trabalho02-Grafos\instances\PCSPG-CRR\C06-B.stp,randomizado,0.2,500,0,2248932956,12.8909,78.0000
2026-07-05 22:31:12,C:\Users\Heitor\Documents\Github\Trabalho02-Grafos\instances\PCSPG-CRR\C06-B.stp,randomizado,0.3,500,0,2269535268,13.3277,78.0000
2026-07-05 22:31:27,C:\Users\Heitor\Documents\Github\Trabalho02-Grafos\instances\PCSPG-CRR\C06-B.stp,randomizado,0.4,500,0,2726402280,14.1985,61.0000
2026-07-05 22:31:40,C:\Users\Heitor\Documents\Github\Trabalho02-Grafos\instances\PCSPG-CRR\C06-B.stp,reativo,0.4,500,50,4054699492,13.4930,64.0000
2026-07-05 22:31:40,C:\Users\Heitor\Documents\Github\Trabalho02-Grafos\instances\PCSPG-CRR\C07-A.stp,guloso,0,1,0,382236308,0.0240,172.0000
2026-07-05 22:31:53,C:\Users\Heitor\Documents\Github\Trabalho02-Grafos\instances\PCSPG-CRR\C07-A.stp,randomizado,0.2,500,0,420021008,12.5941,145.0000
2026-07-05 22:32:06,C:\Users\Heitor\Documents\Github\Trabalho02-Grafos\instances\PCSPG-CRR\C07-A.stp,randomizado,0.3,500,0,143007020,13.1053,131.0000
2026-07-05 22:32:20,C:\Users\Heitor\Documents\Github\Trabalho02-Grafos\instances\PCSPG-CRR\C07-A.stp,randomizado,0.4,500,0,377035932,13.8497,137.0000
2026-07-05 22:32:33,C:\Users\Heitor\Documents\Github\Trabalho02-Grafos\instances\PCSPG-CRR\C07-A.stp,reativo,0.5,500,50,1355674244,13.4456,133.0000
2026-07-05 22:32:33,C:\Users\Heitor\Documents\Github\Trabalho02-Grafos\instances\PCSPG-CRR\C07-B.stp,guloso,0,1,0,1934427256,0.0239,195.0000
2026-07-05 22:32:46,C:\Users\Heitor\Documents\Github\Trabalho02-Grafos\instances\PCSPG-CRR\C07-B.stp,randomizado,0.2,500,0,1972199456,12.6615,143.0000
2026-07-05 22:32:59,C:\Users\Heitor\Documents\Github\Trabalho02-Grafos\instances\PCSPG-CRR\C07-B.stp,randomizado,0.3,500,0,1762628668,13.1320,143.0000
2026-07-05 22:33:13,C:\Users\Heitor\Documents\Github\Trabalho02-Grafos\instances\PCSPG-CRR\C07-B.stp,randomizado,0.4,500,0,2024490680,13.8618,149.0000
2026-07-05 22:33:26,C:\Users\Heitor\Documents\Github\Trabalho02-Grafos\instances\PCSPG-CRR\C07-B.stp,reativo,0.2,500,50,3017031392,13.2070,143.0000
2026-07-05 22:33:26,C:\Users\Heitor\Documents\Github\Trabalho02-Grafos\instances\PCSPG-CRR\C08-A.stp,guloso,0,1,0,3354845004,0.0239,550.0000
2026-07-05 22:33:39,C:\Users\Heitor\Documents\Github\Trabalho02-Grafos\instances\PCSPG-CRR\C08-A.stp,randomizado,0.2,500,0,3391833204,12.6772,503.0000
2026-07-05 22:33:52,C:\Users\Heitor\Documents\Github\Trabalho02-Grafos\instances\PCSPG-CRR\C08-A.stp,randomizado,0.3,500,0,3197812516,13.2554,517.0000
2026-07-05 22:34:06,C:\Users\Heitor\Documents\Github\Trabalho02-Grafos\instances\PCSPG-CRR\C08-A.stp,randomizado,0.4,500,0,3582223228,14.0460,503.0000
2026-07-05 22:34:20,C:\Users\Heitor\Documents\Github\Trabalho02-Grafos\instances\PCSPG-CRR\C08-A.stp,reativo,0.4,500,50,461998644,13.3686,506.0000
